trait,snpid,chr,pos,ModelFreq,Effect
arc_length,1_282901592,1,282901592,0.0111,0.04061
arc_length,2_78230618,2,78230618,0.0118,0.04257
arc_length,2_78501943,2,78501943,0.0237,-0.0947
arc_length,2_79149749,2,79149749,0.0128,-0.04525
arc_length,2_79480549,2,79480549,0.0126,-0.04753
arc_length,2_79480554,2,79480554,0.021,0.08468
arc_length,2_79480571,2,79480571,0.0107,0.03856
arc_length,2_79679980,2,79679980,0.0169,0.06381
arc_length,2_79754902,2,79754902,0.0133,-0.04819
arc_length,2_79769999,2,79769999,0.0219,0.08811
arc_length,2_80115182,2,80115182,0.0103,-0.03565
arc_length,2_80358066,2,80358066,0.0256,-0.104
arc_length,2_82392432,2,82392432,0.0186,-0.07114
arc_length,2_82392433,2,82392433,0.0217,0.08618
arc_length,3_195399483,3,195399483,0.0318,-0.1306
arc_length,4_237392971,4,237392971,0.0186,0.07653
arc_length,6_155615936,6,155615936,0.0146,0.0562
arc_length,7_112215799,7,112215799,0.0143,-0.05454
arc_length,8_20516742,8,20516742,0.0133,0.04822
arc_length,8_72384004,8,72384004,0.0105,-0.03728
arc_length,8_72384070,8,72384070,0.0145,-0.05554
area,1_213655434,1,213655434,0.0102,3.013
area,1_226273278,1,226273278,0.0129,-3.959
area,1_282901592,1,282901592,0.0103,2.702
area,1_294096863,1,294096863,0.0126,3.613
area,2_78501943,2,78501943,0.0352,-11.41
area,2_79149749,2,79149749,0.0259,-8.178
area,2_79175150,2,79175150,0.0145,4.34
area,2_79480549,2,79480549,0.0201,-6.158
area,2_79480554,2,79480554,0.0376,12.47
area,2_79480571,2,79480571,0.0206,6.242
area,2_79575899,2,79575899,0.0145,-4.243
area,2_79679980,2,79679980,0.0246,7.925
area,2_79754902,2,79754902,0.0252,-7.96
area,2_79769999,2,79769999,0.032,10.34
area,2_79841307,2,79841307,0.0171,-4.958
area,2_79841346,2,79841346,0.0118,3.334
area,2_80115182,2,80115182,0.0131,-3.806
area,2_80358066,2,80358066,0.0651,-22.13
area,2_82392432,2,82392432,0.0177,-5.323
area,2_82392433,2,82392433,0.0184,5.531
area,2_143267414,2,143267414,0.0145,4.26
area,2_151797406,2,151797406,0.0141,-4.079
area,3_195399483,3,195399483,0.0351,-11.02
area,4_237392971,4,237392971,0.0192,6.021
area,5_42451940,5,42451940,0.0117,3.192
area,6_150840226,6,150840226,0.0111,-3.607
area,6_155615936,6,155615936,0.0306,9.984
area,6_162153000,6,162153000,0.0104,3.009
area,7_112215799,7,112215799,0.0184,-5.535
area,8_20516742,8,20516742,0.0191,5.55
area,8_20516781,8,20516781,0.0112,3.061
area,8_72384004,8,72384004,0.0229,-6.963
area,8_72384070,8,72384070,0.034,-11.15
area,9_17668506,9,17668506,0.0157,-4.616
Height,1_282901592,1,282901592,0.0127,0.02174
Height,2_2260219,2,2260219,0.0148,-0.02656
Height,2_78230618,2,78230618,0.0186,0.03297
Height,2_78501943,2,78501943,0.0192,-0.03601
Height,2_80358066,2,80358066,0.0126,-0.02158
Height,2_82392432,2,82392432,0.0145,-0.0256
Height,2_82392433,2,82392433,0.0163,0.02913
Height,3_195399376,3,195399376,0.0112,-0.01788
Height,3_195399483,3,195399483,0.0309,-0.05935
Height,4_237392971,4,237392971,0.0103,0.01742
Height,6_155615936,6,155615936,0.0105,0.01857
Height,6_160035073,6,160035073,0.0146,-0.02572
HtRa,2_2260219,2,2260219,0.0121,-0.0001512
HtRa,4_1068980,4,1068980,0.0126,-0.0001745
HtRa,5_5797124,5,5797124,0.0103,-0.0001346
HtRa,5_5797127,5,5797127,0.0106,-0.0001319
HtRa,5_5797129,5,5797129,0.0106,0.0001385
HtRa,5_5797130,5,5797130,0.0101,-0.00013
HtRa,5_5797131,5,5797131,0.0106,0.0001335
Radius,1_4601500,1,4601500,0.0102,0.005449
Radius,1_76632979,1,76632979,0.0113,-0.005912
Radius,2_46159250,2,46159250,0.0119,0.007083
Radius,2_46159266,2,46159266,0.0107,-0.006286
Radius,2_79099449,2,79099449,0.0189,0.01136
Radius,2_79149749,2,79149749,0.019,-0.01162
Radius,2_79175150,2,79175150,0.0116,0.006662
Radius,2_79480549,2,79480549,0.0302,-0.01934
Radius,2_79480554,2,79480554,0.0377,0.02475
Radius,2_79480571,2,79480571,0.0311,0.01924
Radius,2_79679980,2,79679980,0.0165,0.009926
Radius,2_79754902,2,79754902,0.0237,-0.0148
Radius,2_79769999,2,79769999,0.018,0.01056
Radius,2_79841307,2,79841307,0.0172,-0.01002
Radius,2_79841346,2,79841346,0.0109,0.006244
Radius,2_80115182,2,80115182,0.0125,-0.007102
Radius,2_80358066,2,80358066,0.0215,-0.01321
Radius,2_143267414,2,143267414,0.0104,0.005754
Radius,2_144477154,2,144477154,0.0101,0.00525
Radius,2_151797406,2,151797406,0.014,-0.007749
Radius,6_164139212,6,164139212,0.0105,-0.005867
Radius,8_72384070,8,72384070,0.0126,-0.007134
Radius,8_122031429,8,122031429,0.0104,-0.005817
Radius,8_122037977,8,122037977,0.0223,-0.01385
Radius,8_122038106,8,122038106,0.0169,-0.01009
Radius,8_122038172,8,122038172,0.0203,0.01235
Radius,9_7403745,9,7403745,0.0113,-0.006292
Radius,9_17668506,9,17668506,0.0148,-0.00848
surface_area,1_226273278,1,226273278,0.0103,-9.442
surface_area,2_78501943,2,78501943,0.0226,-22.06
surface_area,2_79099449,2,79099449,0.0126,11.28
surface_area,2_79149749,2,79149749,0.0217,-21.3
surface_area,2_79175150,2,79175150,0.0138,12.65
surface_area,2_79480549,2,79480549,0.0249,-25.32
surface_area,2_79480554,2,79480554,0.036,38.11
surface_area,2_79480571,2,79480571,0.0263,26.43
surface_area,2_79575899,2,79575899,0.0159,-15.34
surface_area,2_79679980,2,79679980,0.0262,27.06
surface_area,2_79754902,2,79754902,0.0248,-25.13
surface_area,2_79769999,2,79769999,0.0326,34.22
surface_area,2_79841307,2,79841307,0.0186,-18.69
surface_area,2_79841346,2,79841346,0.0125,11.29
surface_area,2_80115182,2,80115182,0.0132,-12.74
surface_area,2_80358066,2,80358066,0.0483,-51.34
surface_area,2_82392432,2,82392432,0.0148,-14.38
surface_area,2_82392433,2,82392433,0.0145,13.53
surface_area,2_143267414,2,143267414,0.0114,10.67
surface_area,2_144477154,2,144477154,0.0117,10.57
surface_area,2_151797406,2,151797406,0.0137,-12.64
surface_area,3_195399483,3,195399483,0.0119,-10.5
surface_area,4_237392971,4,237392971,0.0133,12.31
surface_area,5_42451940,5,42451940,0.0125,11.05
surface_area,6_155615936,6,155615936,0.0162,15.66
surface_area,7_112215799,7,112215799,0.0106,-9.448
surface_area,8_20516742,8,20516742,0.0116,9.888
surface_area,8_72384004,8,72384004,0.0153,-14.06
surface_area,8_72384070,8,72384070,0.0222,-21.45
volume,1_22978431,1,22978431,0.0102,-356.8
volume,2_78501943,2,78501943,0.0189,-692.9
volume,2_79099449,2,79099449,0.0118,416.7
volume,2_79149749,2,79149749,0.0223,-854.4
volume,2_79175150,2,79175150,0.0134,493.1
volume,2_79480549,2,79480549,0.0249,-983
volume,2_79480554,2,79480554,0.0369,1485
volume,2_79480571,2,79480571,0.0223,870.7
volume,2_79575899,2,79575899,0.0138,-500.1
volume,2_79679980,2,79679980,0.0218,826
volume,2_79754902,2,79754902,0.0229,-859.1
volume,2_79769999,2,79769999,0.0294,1193
volume,2_79841307,2,79841307,0.0213,-818.9
volume,2_79841346,2,79841346,0.0115,396.8
volume,2_80115182,2,80115182,0.0139,-497.4
volume,2_80358066,2,80358066,0.0484,-2022
volume,2_151797406,2,151797406,0.0106,-357.6
volume,5_42451940,5,42451940,0.011,382.2
volume,6_155615936,6,155615936,0.0175,645.3
volume,8_72384004,8,72384004,0.0143,-502.6
volume,8_72384070,8,72384070,0.0182,-658.7
volume,9_17668506,9,17668506,0.0114,-389
