Genotype,gHat,log2vol,Fix,P1,P2
SAM47xSAM57,19.483458102,-9,1,SAM47,SAM57
SAM47xSAM58,19.528897852,-9,1,SAM47,SAM58
SAM47xSAM55,19.533310026,-9,1,SAM47,SAM55
SAM40xSAM47,19.534671932,-9,1,SAM40,SAM47
SAM47xSAM59,19.535234928,-9,1,SAM47,SAM59
SAM38xSAM47,19.541634977,-9,1,SAM38,SAM47
SAM47xSAM51,19.55961895,-9,1,SAM47,SAM51
SAM20xSAM47,19.565926075,-9,1,SAM20,SAM47
SAM47xSAM49,19.575245589,-9,1,SAM47,SAM49
SAM7xSAM47,19.583814472,-9,1,SAM7,SAM47
SAM47xSAM56,19.585361987,-9,1,SAM47,SAM56
SAM47xSAM54,19.595137805,-9,1,SAM47,SAM54
SAM46xSAM47,19.604132145,-9,1,SAM46,SAM47
SAM21xSAM47,19.614494085,-9,1,SAM21,SAM47
SAM28xSAM47,19.617931813,-9,1,SAM28,SAM47
SAM57xSAM58,19.630847782,-9,1,SAM57,SAM58
SAM55xSAM57,19.635259509,-9,1,SAM55,SAM57
SAM40xSAM57,19.636623978,-9,1,SAM40,SAM57
SAM57xSAM59,19.637192905,-9,1,SAM57,SAM59
SAM18xSAM47,19.641550392,-9,1,SAM18,SAM47
SAM38xSAM57,19.643588155,-9,1,SAM38,SAM57
SAM14xSAM47,19.654151708,-9,1,SAM14,SAM47
SAM47xSAM53,19.656854302,-9,1,SAM47,SAM53
SAM36xSAM47,19.656942755,-9,1,SAM36,SAM47
SAM45xSAM47,19.658429235,-9,1,SAM45,SAM47
SAM30xSAM47,19.658473164,-9,1,SAM30,SAM47
SAM51xSAM57,19.66157031,-9,1,SAM51,SAM57
SAM35xSAM47,19.666404247,-9,1,SAM35,SAM47
SAM20xSAM57,19.667879015,-9,1,SAM20,SAM57
SAM49xSAM57,19.67719841,-9,1,SAM49,SAM57
SAM55xSAM58,19.680695861,-9,1,SAM55,SAM58
SAM40xSAM58,19.682064473,-9,1,SAM40,SAM58
SAM58xSAM59,19.682628274,-9,1,SAM58,SAM59
SAM7xSAM57,19.685763568,-9,1,SAM7,SAM57
SAM40xSAM55,19.686475575,-9,1,SAM40,SAM55
SAM55xSAM59,19.687035531,-9,1,SAM55,SAM59
SAM56xSAM57,19.687315315,-9,1,SAM56,SAM57
SAM40xSAM59,19.68840307,-9,1,SAM40,SAM59
SAM41xSAM47,19.688881159,-9,1,SAM41,SAM47
SAM38xSAM58,19.689029246,-9,1,SAM38,SAM58
SAM38xSAM55,19.69344151,-9,1,SAM38,SAM55
SAM38xSAM40,19.694803387,-9,1,SAM38,SAM40
SAM39xSAM47,19.695250183,-9,1,SAM39,SAM47
SAM38xSAM59,19.695368498,-9,1,SAM38,SAM59
SAM54xSAM57,19.697088331,-9,1,SAM54,SAM57
SAM46xSAM57,19.706085682,-9,1,SAM46,SAM57
SAM51xSAM58,19.707005381,-9,1,SAM51,SAM58
SAM51xSAM55,19.711413294,-9,1,SAM51,SAM55
SAM40xSAM51,19.712781191,-9,1,SAM40,SAM51
SAM20xSAM58,19.71331504,-9,1,SAM20,SAM58
SAM51xSAM59,19.713345349,-9,1,SAM51,SAM59
SAM47xSAM52,19.715849191,-9,1,SAM47,SAM52
SAM21xSAM57,19.716442287,-9,1,SAM21,SAM57
SAM20xSAM55,19.717724383,-9,1,SAM20,SAM55
SAM20xSAM40,19.719088018,-9,1,SAM20,SAM40
SAM20xSAM59,19.719653606,-9,1,SAM20,SAM59
SAM38xSAM51,19.719749272,-9,1,SAM38,SAM51
SAM28xSAM57,19.719887465,-9,1,SAM28,SAM57
SAM49xSAM58,19.722636789,-9,1,SAM49,SAM58
SAM24xSAM47,19.725680917,-9,1,SAM24,SAM47
SAM20xSAM38,19.726056829,-9,1,SAM20,SAM38
SAM49xSAM55,19.727048054,-9,1,SAM49,SAM55
SAM40xSAM49,19.728412539,-9,1,SAM40,SAM49
SAM19xSAM47,19.728775501,-9,1,SAM19,SAM47
SAM49xSAM59,19.728977039,-9,1,SAM49,SAM59
SAM7xSAM58,19.731207475,-9,1,SAM7,SAM58
SAM37xSAM47,19.731780559,-9,1,SAM37,SAM47
SAM56xSAM58,19.732752159,-9,1,SAM56,SAM58
SAM38xSAM49,19.735378489,-9,1,SAM38,SAM49
SAM7xSAM55,19.735613927,-9,1,SAM7,SAM55
SAM8xSAM47,19.736927867,-9,1,SAM8,SAM47
SAM7xSAM40,19.736978367,-9,1,SAM7,SAM40
SAM55xSAM56,19.737160683,-9,1,SAM55,SAM56
SAM7xSAM59,19.737544432,-9,1,SAM7,SAM59
SAM40xSAM56,19.738525733,-9,1,SAM40,SAM56
SAM56xSAM59,19.73909089,-9,1,SAM56,SAM59
SAM54xSAM58,19.742527708,-9,1,SAM54,SAM58
SAM18xSAM57,19.743501678,-9,1,SAM18,SAM57
SAM7xSAM38,19.743949234,-9,1,SAM7,SAM38
SAM20xSAM51,19.744033694,-9,1,SAM20,SAM51
SAM38xSAM56,19.745491847,-9,1,SAM38,SAM56
SAM54xSAM55,19.746938303,-9,1,SAM54,SAM55
SAM10xSAM47,19.747414708,-9,1,SAM10,SAM47
SAM40xSAM54,19.748302638,-9,1,SAM40,SAM54
SAM17xSAM47,19.748757943,-9,1,SAM17,SAM47
SAM54xSAM59,19.748865843,-9,1,SAM54,SAM59
SAM46xSAM58,19.751527846,-9,1,SAM46,SAM58
SAM29xSAM47,19.752445996,-9,1,SAM29,SAM47
SAM49xSAM51,19.753354624,-9,1,SAM49,SAM51
SAM26xSAM47,19.75517568,-9,1,SAM26,SAM47
SAM38xSAM54,19.755271166,-9,1,SAM38,SAM54
SAM46xSAM55,19.755936652,-9,1,SAM46,SAM55
SAM14xSAM57,19.756102025,-9,1,SAM14,SAM57
SAM40xSAM46,19.757299378,-9,1,SAM40,SAM46
SAM46xSAM59,19.757865697,-9,1,SAM46,SAM59
SAM53xSAM57,19.758807957,-9,1,SAM53,SAM57
SAM36xSAM57,19.758897796,-9,1,SAM36,SAM57
SAM11xSAM47,19.759653583,-9,1,SAM11,SAM47
SAM20xSAM49,19.759665161,-9,1,SAM20,SAM49
SAM45xSAM57,19.760378823,-9,1,SAM45,SAM57
SAM30xSAM57,19.760425538,-9,1,SAM30,SAM57
SAM9xSAM47,19.760667115,-9,1,SAM9,SAM47
SAM21xSAM58,19.761882335,-9,1,SAM21,SAM58
SAM7xSAM51,19.761924326,-9,1,SAM7,SAM51
SAM51xSAM56,19.76347135,-9,1,SAM51,SAM56
SAM38xSAM46,19.764269858,-9,1,SAM38,SAM46
SAM28xSAM58,19.765323683,-9,1,SAM28,SAM58
SAM21xSAM55,19.766292751,-9,1,SAM21,SAM55
SAM15xSAM47,19.767017424,-9,1,SAM15,SAM47
SAM21xSAM40,19.767654612,-9,1,SAM21,SAM40
SAM21xSAM59,19.768220037,-9,1,SAM21,SAM59
SAM7xSAM20,19.768232211,-9,1,SAM7,SAM20
SAM35xSAM57,19.768363908,-9,1,SAM35,SAM57
SAM25xSAM47,19.769274577,-9,1,SAM25,SAM47
SAM28xSAM55,19.769735157,-9,1,SAM28,SAM55
SAM20xSAM56,19.769778818,-9,1,SAM20,SAM56
SAM28xSAM40,19.771098107,-9,1,SAM28,SAM40
SAM28xSAM59,19.771664202,-9,1,SAM28,SAM59
SAM51xSAM54,19.77324602,-9,1,SAM51,SAM54
SAM21xSAM38,19.7746239,-9,1,SAM21,SAM38
SAM7xSAM49,19.777554601,-9,1,SAM7,SAM49
SAM28xSAM38,19.778067678,-9,1,SAM28,SAM38
SAM49xSAM56,19.779098496,-9,1,SAM49,SAM56
SAM20xSAM54,19.77955772,-9,1,SAM20,SAM54
SAM43xSAM47,19.781925529,-9,1,SAM43,SAM47
SAM46xSAM51,19.782246366,-9,1,SAM46,SAM51
SAM7xSAM56,19.787670299,-9,1,SAM7,SAM56
SAM20xSAM46,19.788555085,-9,1,SAM20,SAM46
SAM49xSAM54,19.788876325,-9,1,SAM49,SAM54
SAM18xSAM58,19.788941413,-9,1,SAM18,SAM58
SAM41xSAM57,19.790834173,-9,1,SAM41,SAM57
SAM21xSAM51,19.792600959,-9,1,SAM21,SAM51
SAM18xSAM55,19.793350354,-9,1,SAM18,SAM55
SAM18xSAM40,19.794713065,-9,1,SAM18,SAM40
SAM18xSAM59,19.795279279,-9,1,SAM18,SAM59
SAM28xSAM51,19.796044886,-9,1,SAM28,SAM51
SAM39xSAM57,19.797206193,-9,1,SAM39,SAM57
SAM7xSAM54,19.79744865,-9,1,SAM7,SAM54
SAM46xSAM49,19.797874391,-9,1,SAM46,SAM49
SAM20xSAM21,19.798910931,-9,1,SAM20,SAM21
SAM54xSAM56,19.798993677,-9,1,SAM54,SAM56
SAM14xSAM58,19.801540956,-9,1,SAM14,SAM58
SAM18xSAM38,19.801683158,-9,1,SAM18,SAM38
SAM20xSAM28,19.802353099,-9,1,SAM20,SAM28
SAM53xSAM58,19.804246902,-9,1,SAM53,SAM58
SAM36xSAM58,19.804335937,-9,1,SAM36,SAM58
SAM45xSAM58,19.805815831,-9,1,SAM45,SAM58
SAM30xSAM58,19.805865034,-9,1,SAM30,SAM58
SAM14xSAM55,19.805950492,-9,1,SAM14,SAM55
SAM7xSAM46,19.80644393,-9,1,SAM7,SAM46
SAM14xSAM40,19.807313815,-9,1,SAM14,SAM40
SAM14xSAM59,19.807878703,-9,1,SAM14,SAM59
SAM46xSAM56,19.807990953,-9,1,SAM46,SAM56
SAM21xSAM49,19.8082304,-9,1,SAM21,SAM49
SAM53xSAM55,19.808656737,-9,1,SAM53,SAM55
SAM36xSAM55,19.808746859,-9,1,SAM36,SAM55
SAM40xSAM53,19.810020566,-9,1,SAM40,SAM53
SAM36xSAM40,19.810108393,-9,1,SAM36,SAM40
SAM45xSAM55,19.810226261,-9,1,SAM45,SAM55
SAM30xSAM55,19.810276627,-9,1,SAM30,SAM55
SAM53xSAM59,19.810583651,-9,1,SAM53,SAM59
SAM36xSAM59,19.810673907,-9,1,SAM36,SAM59
SAM40xSAM45,19.811589032,-9,1,SAM40,SAM45
SAM30xSAM40,19.811640277,-9,1,SAM30,SAM40
SAM28xSAM49,19.811673611,-9,1,SAM28,SAM49
SAM45xSAM59,19.812154591,-9,1,SAM45,SAM59
SAM30xSAM59,19.81220366,-9,1,SAM30,SAM59
SAM35xSAM58,19.813803196,-9,1,SAM35,SAM58
SAM14xSAM38,19.814282968,-9,1,SAM14,SAM38
SAM7xSAM21,19.81680128,-9,1,SAM7,SAM21
SAM38xSAM53,19.816989705,-9,1,SAM38,SAM53
SAM36xSAM38,19.817078739,-9,1,SAM36,SAM38
SAM46xSAM54,19.817766011,-9,1,SAM46,SAM54
SAM52xSAM57,19.81780532,-9,1,SAM52,SAM57
SAM35xSAM55,19.818209976,-9,1,SAM35,SAM55
SAM21xSAM56,19.818347007,-9,1,SAM21,SAM56
SAM38xSAM45,19.818557933,-9,1,SAM38,SAM45
SAM30xSAM38,19.818610057,-9,1,SAM30,SAM38
SAM35xSAM40,19.819574073,-9,1,SAM35,SAM40
SAM18xSAM51,19.819657951,-9,1,SAM18,SAM51
SAM35xSAM59,19.820137575,-9,1,SAM35,SAM59
SAM7xSAM28,19.820244819,-9,1,SAM7,SAM28
SAM6xSAM47,19.821391359,-9,1,SAM6,SAM47
SAM28xSAM56,19.821790173,-9,1,SAM28,SAM56
SAM18xSAM20,19.825967669,-9,1,SAM18,SAM20
SAM35xSAM38,19.826544121,-9,1,SAM35,SAM38
SAM12xSAM47,19.827265799,-9,1,SAM12,SAM47
SAM24xSAM57,19.827636033,-9,1,SAM24,SAM57
SAM21xSAM54,19.828122184,-9,1,SAM21,SAM54
SAM19xSAM57,19.830730453,-9,1,SAM19,SAM57
SAM28xSAM54,19.831567839,-9,1,SAM28,SAM54
SAM14xSAM51,19.832258373,-9,1,SAM14,SAM51
SAM37xSAM57,19.833737761,-9,1,SAM37,SAM57
SAM51xSAM53,19.834965497,-9,1,SAM51,SAM53
SAM36xSAM51,19.835055336,-9,1,SAM36,SAM51
SAM18xSAM49,19.835289791,-9,1,SAM18,SAM49
SAM41xSAM58,19.836272716,-9,1,SAM41,SAM58
SAM45xSAM51,19.836534932,-9,1,SAM45,SAM51
SAM30xSAM51,19.836585522,-9,1,SAM30,SAM51
SAM21xSAM46,19.837120086,-9,1,SAM21,SAM46
SAM14xSAM20,19.838568896,-9,1,SAM14,SAM20
SAM8xSAM57,19.838880762,-9,1,SAM8,SAM57
SAM28xSAM46,19.84056595,-9,1,SAM28,SAM46
SAM41xSAM55,19.840683386,-9,1,SAM41,SAM55
SAM20xSAM53,19.841274932,-9,1,SAM20,SAM53
SAM20xSAM36,19.841364786,-9,1,SAM20,SAM36
SAM40xSAM41,19.842046588,-9,1,SAM40,SAM41
SAM41xSAM59,19.842611193,-9,1,SAM41,SAM59
SAM39xSAM58,19.842646569,-9,1,SAM39,SAM58
SAM20xSAM45,19.842845052,-9,1,SAM20,SAM45
SAM20xSAM30,19.842894643,-9,1,SAM20,SAM30
SAM7xSAM18,19.843860566,-9,1,SAM7,SAM18
SAM35xSAM51,19.844518959,-9,1,SAM35,SAM51
SAM18xSAM56,19.845405876,-9,1,SAM18,SAM56
SAM39xSAM55,19.847055495,-9,1,SAM39,SAM55
SAM14xSAM49,19.847891301,-9,1,SAM14,SAM49
SAM39xSAM40,19.8484184,-9,1,SAM39,SAM40
SAM39xSAM59,19.848983154,-9,1,SAM39,SAM59
SAM38xSAM41,19.849017531,-9,1,SAM38,SAM41
SAM10xSAM57,19.849369138,-9,1,SAM10,SAM57
SAM49xSAM53,19.850597575,-9,1,SAM49,SAM53
SAM36xSAM49,19.850685268,-9,1,SAM36,SAM49
SAM17xSAM57,19.850712985,-9,1,SAM17,SAM57
SAM20xSAM35,19.850828454,-9,1,SAM20,SAM35
SAM21xSAM28,19.85091982,-9,1,SAM21,SAM28
SAM45xSAM49,19.852166295,-9,1,SAM45,SAM49
SAM30xSAM49,19.85221634,-9,1,SAM30,SAM49
SAM3xSAM47,19.853558294,-9,1,SAM3,SAM47
SAM29xSAM57,19.854399934,-9,1,SAM29,SAM57
SAM18xSAM54,19.855180405,-9,1,SAM18,SAM54
SAM38xSAM39,19.855388328,-9,1,SAM38,SAM39
SAM7xSAM14,19.856458776,-9,1,SAM7,SAM14
SAM26xSAM57,19.857131153,-9,1,SAM26,SAM57
SAM14xSAM56,19.858006462,-9,1,SAM14,SAM56
SAM7xSAM53,19.859165586,-9,1,SAM7,SAM53
SAM7xSAM36,19.859256059,-9,1,SAM7,SAM36
SAM35xSAM49,19.860149808,-9,1,SAM35,SAM49
SAM53xSAM56,19.860711358,-9,1,SAM53,SAM56
SAM7xSAM45,19.860737003,-9,1,SAM7,SAM45
SAM7xSAM30,19.860785581,-9,1,SAM7,SAM30
SAM36xSAM56,19.860800996,-9,1,SAM36,SAM56
SAM11xSAM57,19.861607931,-9,1,SAM11,SAM57
SAM45xSAM56,19.862280108,-9,1,SAM45,SAM56
SAM30xSAM56,19.862330504,-9,1,SAM30,SAM56
SAM9xSAM57,19.862622961,-9,1,SAM9,SAM57
SAM52xSAM58,19.863242619,-9,1,SAM52,SAM58
SAM18xSAM46,19.864179417,-9,1,SAM18,SAM46
SAM41xSAM51,19.866992242,-9,1,SAM41,SAM51
SAM52xSAM55,19.867653906,-9,1,SAM52,SAM55
SAM14xSAM54,19.867780007,-9,1,SAM14,SAM54
SAM7xSAM35,19.86871928,-9,1,SAM7,SAM35
SAM15xSAM57,19.86897292,-9,1,SAM15,SAM57
SAM40xSAM52,19.869016267,-9,1,SAM40,SAM52
SAM52xSAM59,19.869581513,-9,1,SAM52,SAM59
SAM35xSAM56,19.87026421,-9,1,SAM35,SAM56
SAM53xSAM54,19.870487518,-9,1,SAM53,SAM54
SAM36xSAM54,19.870577194,-9,1,SAM36,SAM54
SAM25xSAM57,19.871229715,-9,1,SAM25,SAM57
SAM45xSAM54,19.872056611,-9,1,SAM45,SAM54
SAM30xSAM54,19.872106686,-9,1,SAM30,SAM54
SAM24xSAM58,19.873073324,-9,1,SAM24,SAM58
SAM20xSAM41,19.87330015,-9,1,SAM20,SAM41
SAM39xSAM51,19.87336497,-9,1,SAM39,SAM51
SAM18xSAM21,19.874535106,-9,1,SAM18,SAM21
SAM5xSAM47,19.87460307,-9,1,SAM5,SAM47
SAM38xSAM52,19.8759851677,-9,1,SAM38,SAM52
SAM19xSAM58,19.876166947,-9,1,SAM19,SAM58
SAM14xSAM46,19.8767773656,-9,1,SAM14,SAM46
SAM24xSAM55,19.8774846492,-9,1,SAM24,SAM55
SAM18xSAM28,19.8779792113,-9,1,SAM18,SAM28
SAM24xSAM40,19.8788470326,-9,1,SAM24,SAM40
SAM37xSAM58,19.8791737853,-9,1,SAM37,SAM58
SAM24xSAM59,19.8794108926,-9,1,SAM24,SAM59
SAM46xSAM53,19.8794853537,-9,1,SAM46,SAM53
SAM36xSAM46,19.8795754014,-9,1,SAM36,SAM46
SAM20xSAM39,19.8796740769,-9,1,SAM20,SAM39
SAM35xSAM54,19.8800393192,-9,1,SAM35,SAM54
SAM19xSAM55,19.8805781303,-9,1,SAM19,SAM55
SAM45xSAM46,19.8810536711,-9,1,SAM45,SAM46
SAM30xSAM46,19.8811054526,-9,1,SAM30,SAM46
SAM19xSAM40,19.8819414003,-9,1,SAM19,SAM40
SAM19xSAM59,19.8825065939,-9,1,SAM19,SAM59
SAM41xSAM49,19.8826225771,-9,1,SAM41,SAM49
SAM37xSAM55,19.8835848121,-9,1,SAM37,SAM55
SAM43xSAM57,19.8838783575,-9,1,SAM43,SAM57
SAM8xSAM58,19.8843176363,-9,1,SAM8,SAM58
SAM37xSAM40,19.8849487377,-9,1,SAM37,SAM40
SAM37xSAM59,19.8855123742,-9,1,SAM37,SAM59
SAM24xSAM38,19.8858159034,-9,1,SAM24,SAM38
SAM14xSAM21,19.8871354981,-9,1,SAM14,SAM21
SAM8xSAM55,19.8887284694,-9,1,SAM8,SAM55
SAM19xSAM38,19.8889105467,-9,1,SAM19,SAM38
SAM39xSAM49,19.8889947904,-9,1,SAM39,SAM49
SAM35xSAM46,19.8890393077,-9,1,SAM35,SAM46
SAM21xSAM53,19.8898409678,-9,1,SAM21,SAM53
SAM21xSAM36,19.8899315445,-9,1,SAM21,SAM36
SAM8xSAM40,19.890092708,-9,1,SAM8,SAM40
SAM14xSAM28,19.8905786125,-9,1,SAM14,SAM28
SAM8xSAM59,19.890657462,-9,1,SAM8,SAM59
SAM7xSAM41,19.8911921678,-9,1,SAM7,SAM41
SAM21xSAM45,19.8914111404,-9,1,SAM21,SAM45
SAM21xSAM30,19.8914610444,-9,1,SAM21,SAM30
SAM37xSAM38,19.8919170572,-9,1,SAM37,SAM38
SAM41xSAM56,19.8927365763,-9,1,SAM41,SAM56
SAM28xSAM53,19.893285483,-9,1,SAM28,SAM53
SAM28xSAM36,19.8933744876,-9,1,SAM28,SAM36
SAM51xSAM52,19.8939619733,-9,1,SAM51,SAM52
SAM10xSAM58,19.8948071225,-9,1,SAM10,SAM58
SAM28xSAM45,19.8948544188,-9,1,SAM28,SAM45
SAM28xSAM30,19.8949041663,-9,1,SAM28,SAM30
SAM17xSAM58,19.8961505963,-9,1,SAM17,SAM58
SAM8xSAM38,19.8970598502,-9,1,SAM8,SAM38
SAM7xSAM39,19.8975644855,-9,1,SAM7,SAM39
SAM39xSAM56,19.8991099296,-9,1,SAM39,SAM56
SAM10xSAM55,19.8992177395,-9,1,SAM10,SAM55
SAM21xSAM35,19.8993948845,-9,1,SAM21,SAM35
SAM29xSAM58,19.8998393787,-9,1,SAM29,SAM58
SAM20xSAM52,19.9002717732,-9,1,SAM20,SAM52
SAM17xSAM55,19.9005620254,-9,1,SAM17,SAM55
SAM10xSAM40,19.9005814789,-9,1,SAM10,SAM40
SAM10xSAM59,19.9011454655,-9,1,SAM10,SAM59
SAM17xSAM40,19.9019255189,-9,1,SAM17,SAM40
SAM17xSAM59,19.9024899526,-9,1,SAM17,SAM59
SAM41xSAM54,19.9025128184,-9,1,SAM41,SAM54
SAM26xSAM58,19.902569711,-9,1,SAM26,SAM58
SAM28xSAM35,19.90283823,-9,1,SAM28,SAM35
SAM24xSAM51,19.9037925897,-9,1,SAM24,SAM51
SAM29xSAM55,19.9042498915,-9,1,SAM29,SAM55
SAM29xSAM40,19.9056128187,-9,1,SAM29,SAM40
SAM29xSAM59,19.9061783103,-9,1,SAM29,SAM59
SAM19xSAM51,19.9068873448,-9,1,SAM19,SAM51
SAM26xSAM55,19.9069803877,-9,1,SAM26,SAM55
SAM11xSAM58,19.9070468767,-9,1,SAM11,SAM58
SAM10xSAM38,19.9075503869,-9,1,SAM10,SAM38
SAM9xSAM58,19.9080592318,-9,1,SAM9,SAM58
SAM26xSAM40,19.9083432703,-9,1,SAM26,SAM40
SAM39xSAM54,19.9088850541,-9,1,SAM39,SAM54
SAM17xSAM38,19.9088937042,-9,1,SAM17,SAM38
SAM26xSAM59,19.9089075772,-9,1,SAM26,SAM59
SAM49xSAM52,19.9095920025,-9,1,SAM49,SAM52
SAM37xSAM51,19.9098939596,-9,1,SAM37,SAM51
SAM20xSAM24,19.9101024864,-9,1,SAM20,SAM24
SAM11xSAM55,19.9114574565,-9,1,SAM11,SAM55
SAM41xSAM46,19.9115114434,-9,1,SAM41,SAM46
SAM9xSAM55,19.9124710186,-9,1,SAM9,SAM55
SAM29xSAM38,19.9125818757,-9,1,SAM29,SAM38
SAM11xSAM40,19.9128207265,-9,1,SAM11,SAM40
SAM19xSAM20,19.9131967796,-9,1,SAM19,SAM20
SAM11xSAM59,19.913386151,-9,1,SAM11,SAM59
SAM9xSAM40,19.9138343072,-9,1,SAM9,SAM40
SAM14xSAM18,19.9141939616,-9,1,SAM14,SAM18
SAM9xSAM59,19.9143987371,-9,1,SAM9,SAM59
SAM15xSAM58,19.9144119544,-9,1,SAM15,SAM58
SAM8xSAM51,19.9150374269,-9,1,SAM8,SAM51
SAM26xSAM38,19.9153125731,-9,1,SAM26,SAM38
SAM20xSAM37,19.916203413,-9,1,SAM20,SAM37
SAM25xSAM58,19.9166681169,-9,1,SAM25,SAM58
SAM18xSAM53,19.9168999454,-9,1,SAM18,SAM53
SAM18xSAM36,19.9169892742,-9,1,SAM18,SAM36
SAM39xSAM46,19.9178845136,-9,1,SAM39,SAM46
SAM7xSAM52,19.9181615895,-9,1,SAM7,SAM52
SAM18xSAM45,19.9184689893,-9,1,SAM18,SAM45
SAM18xSAM30,19.918517608,-9,1,SAM18,SAM30
SAM15xSAM55,19.9188223032,-9,1,SAM15,SAM55
SAM24xSAM49,19.9194231106,-9,1,SAM24,SAM49
SAM52xSAM56,19.9197063072,-9,1,SAM52,SAM56
SAM11xSAM38,19.9197895562,-9,1,SAM11,SAM38
SAM15xSAM40,19.920185264,-9,1,SAM15,SAM40
SAM15xSAM59,19.920750696,-9,1,SAM15,SAM59
SAM9xSAM38,19.9208018145,-9,1,SAM9,SAM38
SAM25xSAM55,19.9210790618,-9,1,SAM25,SAM55
SAM8xSAM20,19.9213472491,-9,1,SAM8,SAM20
SAM21xSAM41,19.9218675567,-9,1,SAM21,SAM41
SAM25xSAM40,19.9224421157,-9,1,SAM25,SAM40
SAM19xSAM49,19.9225173591,-9,1,SAM19,SAM49
SAM25xSAM59,19.9230068771,-9,1,SAM25,SAM59
SAM6xSAM57,19.9233441947,-9,1,SAM6,SAM57
SAM28xSAM41,19.9253113231,-9,1,SAM28,SAM41
SAM37xSAM49,19.9255235901,-9,1,SAM37,SAM49
SAM10xSAM51,19.9255265182,-9,1,SAM10,SAM51
SAM18xSAM35,19.9264523013,-9,1,SAM18,SAM35
SAM17xSAM51,19.92687086,-9,1,SAM17,SAM51
SAM15xSAM38,19.9271542577,-9,1,SAM15,SAM38
SAM7xSAM24,19.9279921649,-9,1,SAM7,SAM24
SAM2xSAM47,19.9280699825,-9,1,SAM2,SAM47
SAM21xSAM39,19.9282400122,-9,1,SAM21,SAM39
SAM12xSAM57,19.9292186422,-9,1,SAM12,SAM57
SAM43xSAM58,19.9293171948,-9,1,SAM43,SAM58
SAM25xSAM38,19.9294113105,-9,1,SAM25,SAM38
SAM52xSAM54,19.9294831155,-9,1,SAM52,SAM54
SAM14xSAM53,19.9295003785,-9,1,SAM14,SAM53
SAM24xSAM56,19.9295377916,-9,1,SAM24,SAM56
SAM14xSAM36,19.9295898376,-9,1,SAM14,SAM36
SAM29xSAM51,19.9305582306,-9,1,SAM29,SAM51
SAM8xSAM49,19.9306678137,-9,1,SAM8,SAM49
SAM14xSAM45,19.9310710652,-9,1,SAM14,SAM45
SAM7xSAM19,19.93108749,-9,1,SAM7,SAM19
SAM14xSAM30,19.9311193673,-9,1,SAM14,SAM30
SAM28xSAM39,19.9316833539,-9,1,SAM28,SAM39
SAM10xSAM20,19.9318363292,-9,1,SAM10,SAM20
SAM36xSAM53,19.9322951993,-9,1,SAM36,SAM53
SAM19xSAM56,19.9326318575,-9,1,SAM19,SAM56
SAM17xSAM20,19.9331798887,-9,1,SAM17,SAM20
SAM26xSAM51,19.9332886411,-9,1,SAM26,SAM51
SAM43xSAM55,19.9337278864,-9,1,SAM43,SAM55
SAM45xSAM53,19.933775652,-9,1,SAM45,SAM53
SAM30xSAM53,19.9338251537,-9,1,SAM30,SAM53
SAM36xSAM45,19.9338653309,-9,1,SAM36,SAM45
SAM30xSAM36,19.9339145718,-9,1,SAM30,SAM36
SAM7xSAM37,19.9340931362,-9,1,SAM7,SAM37
SAM40xSAM43,19.9350910036,-9,1,SAM40,SAM43
SAM30xSAM45,19.9353943465,-9,1,SAM30,SAM45
SAM37xSAM56,19.9356381891,-9,1,SAM37,SAM56
SAM43xSAM59,19.9356561376,-9,1,SAM43,SAM59
SAM1xSAM47,19.9365966877,-9,1,SAM1,SAM47
SAM20xSAM29,19.9368678404,-9,1,SAM20,SAM29
SAM11xSAM51,19.9377657397,-9,1,SAM11,SAM51
SAM46xSAM52,19.9384818187,-9,1,SAM46,SAM52
SAM9xSAM51,19.9387794284,-9,1,SAM9,SAM51
SAM14xSAM35,19.9390532931,-9,1,SAM14,SAM35
SAM7xSAM8,19.9392373262,-9,1,SAM7,SAM8
SAM24xSAM54,19.9393139778,-9,1,SAM24,SAM54
SAM20xSAM26,19.9395979827,-9,1,SAM20,SAM26
SAM8xSAM56,19.9407824537,-9,1,SAM8,SAM56
SAM10xSAM49,19.9411569124,-9,1,SAM10,SAM49
SAM35xSAM53,19.9417588746,-9,1,SAM35,SAM53
SAM35xSAM36,19.9418490229,-9,1,SAM35,SAM36
SAM38xSAM43,19.9420601649,-9,1,SAM38,SAM43
SAM19xSAM54,19.9424090495,-9,1,SAM19,SAM54
SAM17xSAM49,19.9425008705,-9,1,SAM17,SAM49
SAM35xSAM45,19.9433282426,-9,1,SAM35,SAM45
SAM30xSAM35,19.9433781391,-9,1,SAM30,SAM35
SAM11xSAM20,19.9440755433,-9,1,SAM11,SAM20
SAM9xSAM20,19.945089137,-9,1,SAM9,SAM20
SAM15xSAM51,19.9451308416,-9,1,SAM15,SAM51
SAM37xSAM54,19.9454146715,-9,1,SAM37,SAM54
SAM29xSAM49,19.9461886862,-9,1,SAM29,SAM49
SAM25xSAM51,19.9473875685,-9,1,SAM25,SAM51
SAM24xSAM46,19.9483128766,-9,1,SAM24,SAM46
SAM21xSAM52,19.9488376452,-9,1,SAM21,SAM52
SAM26xSAM49,19.9489189012,-9,1,SAM26,SAM49
SAM18xSAM41,19.9489252044,-9,1,SAM18,SAM41
SAM7xSAM10,19.9497267062,-9,1,SAM7,SAM10
SAM8xSAM54,19.9505588429,-9,1,SAM8,SAM54
SAM7xSAM17,19.9510700626,-9,1,SAM7,SAM17
SAM10xSAM56,19.9512715617,-9,1,SAM10,SAM56
SAM19xSAM46,19.9514067134,-9,1,SAM19,SAM46
SAM15xSAM20,19.9514403286,-9,1,SAM15,SAM20
SAM28xSAM52,19.9522808807,-9,1,SAM28,SAM52
SAM17xSAM56,19.9526150039,-9,1,SAM17,SAM56
SAM11xSAM49,19.9533963686,-9,1,SAM11,SAM49
SAM20xSAM25,19.9536969045,-9,1,SAM20,SAM25
SAM9xSAM49,19.9544097146,-9,1,SAM9,SAM49
SAM37xSAM46,19.9544132611,-9,1,SAM37,SAM46
SAM7xSAM29,19.9547580479,-9,1,SAM7,SAM29
SAM18xSAM39,19.9552974047,-9,1,SAM18,SAM39
SAM3xSAM57,19.9555109216,-9,1,SAM3,SAM57
SAM29xSAM56,19.9563027917,-9,1,SAM29,SAM56
SAM7xSAM26,19.957488261,-9,1,SAM7,SAM26
SAM21xSAM24,19.9586681442,-9,1,SAM21,SAM24
SAM26xSAM56,19.9590338728,-9,1,SAM26,SAM56
SAM8xSAM46,19.9595576039,-9,1,SAM8,SAM46
SAM43xSAM51,19.9600365458,-9,1,SAM43,SAM51
SAM15xSAM49,19.9607610589,-9,1,SAM15,SAM49
SAM10xSAM54,19.96104772,-9,1,SAM10,SAM54
SAM14xSAM41,19.9615258582,-9,1,SAM14,SAM41
SAM19xSAM21,19.9617629627,-9,1,SAM19,SAM21
SAM7xSAM11,19.9619656678,-9,1,SAM7,SAM11
SAM24xSAM28,19.9621115195,-9,1,SAM24,SAM28
SAM17xSAM54,19.9623917079,-9,1,SAM17,SAM54
SAM7xSAM9,19.9629788341,-9,1,SAM7,SAM9
SAM25xSAM49,19.9630176218,-9,1,SAM25,SAM49
SAM11xSAM56,19.963510895,-9,1,SAM11,SAM56
SAM41xSAM53,19.9642319175,-9,1,SAM41,SAM53
SAM36xSAM41,19.9643220332,-9,1,SAM36,SAM41
SAM9xSAM56,19.9645243956,-9,1,SAM9,SAM56
SAM21xSAM37,19.964769014,-9,1,SAM21,SAM37
SAM19xSAM28,19.9652064776,-9,1,SAM19,SAM28
SAM41xSAM45,19.9658012929,-9,1,SAM41,SAM45
SAM30xSAM41,19.96585109161,-9,1,SAM30,SAM41
SAM29xSAM54,19.96607970336,-9,1,SAM29,SAM54
SAM20xSAM43,19.96634602623,-9,1,SAM20,SAM43
SAM14xSAM39,19.96789805574,-9,1,SAM14,SAM39
SAM28xSAM37,19.96821213171,-9,1,SAM28,SAM37
SAM6xSAM58,19.96878342919,-9,1,SAM6,SAM58
SAM26xSAM54,19.96880996909,-9,1,SAM26,SAM54
SAM7xSAM15,19.96932995908,-9,1,SAM7,SAM15
SAM8xSAM21,19.96991327388,-9,1,SAM8,SAM21
SAM10xSAM46,19.9700461331,-9,1,SAM10,SAM46
SAM39xSAM53,19.97060386121,-9,1,SAM39,SAM53
SAM36xSAM39,19.97069381021,-9,1,SAM36,SAM39
SAM15xSAM56,19.97087565746,-9,1,SAM15,SAM56
SAM17xSAM46,19.97139003716,-9,1,SAM17,SAM46
SAM7xSAM25,19.97158724891,-9,1,SAM7,SAM25
SAM39xSAM45,19.97217364546,-9,1,SAM39,SAM45
SAM30xSAM39,19.97222313803,-9,1,SAM30,SAM39
SAM25xSAM56,19.97313187766,-9,1,SAM25,SAM56
SAM6xSAM55,19.97319365462,-9,1,SAM6,SAM55
SAM11xSAM54,19.97328721086,-9,1,SAM11,SAM54
SAM8xSAM28,19.97335708543,-9,1,SAM8,SAM28
SAM35xSAM41,19.97378515482,-9,1,SAM35,SAM41
SAM9xSAM54,19.97430015862,-9,1,SAM9,SAM54
SAM6xSAM40,19.97455691727,-9,1,SAM6,SAM40
SAM12xSAM58,19.97465702048,-9,1,SAM12,SAM58
SAM29xSAM46,19.975077613086,-9,1,SAM29,SAM46
SAM6xSAM59,19.975121848929,-9,1,SAM6,SAM59
SAM43xSAM49,19.975666592032,-9,1,SAM43,SAM49
SAM18xSAM52,19.9758954564932,-9,1,SAM18,SAM52
SAM5xSAM57,19.976555269972,-9,1,SAM5,SAM57
SAM26xSAM46,19.97780900106,-9,1,SAM26,SAM46
SAM12xSAM55,19.97906789702,-9,1,SAM12,SAM55
SAM35xSAM39,19.98015712185,-9,1,SAM35,SAM39
SAM10xSAM21,19.98040225899,-9,1,SAM10,SAM21
SAM12xSAM40,19.98043080868,-9,1,SAM12,SAM40
SAM15xSAM54,19.98065179197,-9,1,SAM15,SAM54
SAM12xSAM59,19.98099626165,-9,1,SAM12,SAM59
SAM6xSAM38,19.98152652319,-9,1,SAM6,SAM38
SAM17xSAM21,19.98174583988,-9,1,SAM17,SAM21
SAM11xSAM46,19.98228575272,-9,1,SAM11,SAM46
SAM25xSAM54,19.98290857749,-9,1,SAM25,SAM54
SAM9xSAM46,19.98329881655,-9,1,SAM9,SAM46
SAM10xSAM28,19.98384529801,-9,1,SAM10,SAM28
SAM7xSAM43,19.98423663696,-9,1,SAM7,SAM43
SAM17xSAM28,19.98518917972,-9,1,SAM17,SAM28
SAM21xSAM29,19.98543405981,-9,1,SAM21,SAM29
SAM18xSAM24,19.98572574446,-9,1,SAM18,SAM24
SAM43xSAM56,19.98578109016,-9,1,SAM43,SAM56
SAM12xSAM38,19.9874001432,-9,1,SAM12,SAM38
SAM21xSAM26,19.9881642701,-9,1,SAM21,SAM26
SAM14xSAM52,19.9884960398,-9,1,SAM14,SAM52
SAM18xSAM19,19.9888210807,-9,1,SAM18,SAM19
SAM28xSAM29,19.9888772069,-9,1,SAM28,SAM29
SAM15xSAM46,19.9896504468,-9,1,SAM15,SAM46
SAM52xSAM53,19.9912013531,-9,1,SAM52,SAM53
SAM36xSAM52,19.9912920229,-9,1,SAM36,SAM52
SAM26xSAM28,19.9916072561,-9,1,SAM26,SAM28
SAM18xSAM37,19.9918266347,-9,1,SAM18,SAM37
SAM25xSAM46,19.9919069054,-9,1,SAM25,SAM46
SAM11xSAM21,19.9926415717,-9,1,SAM11,SAM21
SAM45xSAM52,19.9927714596,-9,1,SAM45,SAM52
SAM30xSAM52,19.9928211903,-9,1,SAM30,SAM52
SAM9xSAM21,19.993654467,-9,1,SAM9,SAM21
SAM43xSAM54,19.9955577457,-9,1,SAM43,SAM54
SAM11xSAM28,19.9960848445,-9,1,SAM11,SAM28
SAM8xSAM18,19.996971011,-9,1,SAM8,SAM18
SAM9xSAM28,19.9970981682,-9,1,SAM9,SAM28
SAM14xSAM24,19.9983267857,-9,1,SAM14,SAM24
SAM6xSAM51,19.99950256,-9,1,SAM6,SAM51
SAM15xSAM21,20.0000060218,-9,1,SAM15,SAM21
SAM35xSAM52,20.0007555222,-9,1,SAM35,SAM52
SAM3xSAM58,20.0009497011,-9,1,SAM3,SAM58
SAM24xSAM53,20.0010323541,-9,1,SAM24,SAM53
SAM24xSAM36,20.0011215469,-9,1,SAM24,SAM36
SAM14xSAM19,20.0014209801,-9,1,SAM14,SAM19
SAM21xSAM25,20.0022628082,-9,1,SAM21,SAM25
SAM24xSAM45,20.0026021933,-9,1,SAM24,SAM45
SAM39xSAM41,20.002630716,-9,1,SAM39,SAM41
SAM24xSAM30,20.0026517918,-9,1,SAM24,SAM30
SAM15xSAM28,20.0034496391,-9,1,SAM15,SAM28
SAM19xSAM53,20.0041263791,-9,1,SAM19,SAM53
SAM19xSAM36,20.0042164212,-9,1,SAM19,SAM36
SAM14xSAM37,20.0044273639,-9,1,SAM14,SAM37
SAM43xSAM46,20.0045558082,-9,1,SAM43,SAM46
SAM3xSAM55,20.0053608993,-9,1,SAM3,SAM55
SAM12xSAM51,20.0053768696,-9,1,SAM12,SAM51
SAM19xSAM45,20.0056980865,-9,1,SAM19,SAM45
SAM25xSAM28,20.0057065187,-9,1,SAM25,SAM28
SAM19xSAM30,20.0057470126,-9,1,SAM19,SAM30
SAM6xSAM20,20.0058117433,-9,1,SAM6,SAM20
SAM3xSAM40,20.0067236347,-9,1,SAM3,SAM40
SAM37xSAM53,20.0071327014,-9,1,SAM37,SAM53
SAM36xSAM37,20.0072231626,-9,1,SAM36,SAM37
SAM3xSAM59,20.0072895957,-9,1,SAM3,SAM59
SAM10xSAM18,20.0074597372,-9,1,SAM10,SAM18
SAM37xSAM45,20.008703064,-9,1,SAM37,SAM45
SAM30xSAM37,20.0087525135,-9,1,SAM30,SAM37
SAM17xSAM18,20.0088036059,-9,1,SAM17,SAM18
SAM8xSAM14,20.0095722711,-9,1,SAM8,SAM14
SAM24xSAM35,20.0105854271,-9,1,SAM24,SAM35
SAM12xSAM20,20.011685971,-9,1,SAM12,SAM20
SAM8xSAM53,20.0122774465,-9,1,SAM8,SAM53
SAM8xSAM36,20.012367375,-9,1,SAM8,SAM36
SAM18xSAM29,20.0124912409,-9,1,SAM18,SAM29
SAM19xSAM35,20.0136813557,-9,1,SAM19,SAM35
SAM3xSAM38,20.0136929451,-9,1,SAM3,SAM38
SAM8xSAM45,20.0138473807,-9,1,SAM8,SAM45
SAM8xSAM30,20.0138968265,-9,1,SAM8,SAM30
SAM21xSAM43,20.0149120277,-9,1,SAM21,SAM43
SAM6xSAM49,20.0151327549,-9,1,SAM6,SAM49
SAM18xSAM26,20.0152217893,-9,1,SAM18,SAM26
SAM35xSAM37,20.0166869758,-9,1,SAM35,SAM37
SAM28xSAM43,20.0183558015,-9,1,SAM28,SAM43
SAM11xSAM18,20.0196993051,-9,1,SAM11,SAM18
SAM10xSAM14,20.0200608594,-9,1,SAM10,SAM14
SAM9xSAM18,20.0207129715,-9,1,SAM9,SAM18
SAM12xSAM49,20.0210072508,-9,1,SAM12,SAM49
SAM14xSAM17,20.021403916,-9,1,SAM14,SAM17
SAM8xSAM35,20.0218309162,-9,1,SAM8,SAM35
SAM5xSAM58,20.0219943782,-9,1,SAM5,SAM58
SAM10xSAM53,20.0227658151,-9,1,SAM10,SAM53
SAM10xSAM36,20.022855725,-9,1,SAM10,SAM36
SAM41xSAM52,20.0232276766,-9,1,SAM41,SAM52
SAM6xSAM7,20.0237019545,-9,1,SAM6,SAM7
SAM17xSAM53,20.0241101941,-9,1,SAM17,SAM53
SAM17xSAM36,20.0241991317,-9,1,SAM17,SAM36
SAM10xSAM45,20.0243363453,-9,1,SAM10,SAM45
SAM10xSAM30,20.0243855192,-9,1,SAM10,SAM30
SAM14xSAM29,20.0250919273,-9,1,SAM14,SAM29
SAM6xSAM56,20.0252471825,-9,1,SAM6,SAM56
SAM17xSAM45,20.0256802848,-9,1,SAM17,SAM45
SAM17xSAM30,20.0257294623,-9,1,SAM17,SAM30
SAM5xSAM55,20.026404619,-9,1,SAM5,SAM55
SAM15xSAM18,20.027063988,-9,1,SAM15,SAM18
SAM5xSAM40,20.0277677773,-9,1,SAM5,SAM40
SAM29xSAM53,20.0277974157,-9,1,SAM29,SAM53
SAM14xSAM26,20.0278228184,-9,1,SAM14,SAM26
SAM29xSAM36,20.0278871169,-9,1,SAM29,SAM36
SAM5xSAM59,20.0283324717,-9,1,SAM5,SAM59
SAM18xSAM25,20.0293207763,-9,1,SAM18,SAM25
SAM29xSAM45,20.0293674877,-9,1,SAM29,SAM45
SAM29xSAM30,20.0294173284,-9,1,SAM29,SAM30
SAM7xSAM12,20.0295765771,-9,1,SAM7,SAM12
SAM39xSAM52,20.0296001768,-9,1,SAM39,SAM52
SAM2xSAM57,20.0300234554,-9,1,SAM2,SAM57
SAM26xSAM53,20.030527789,-9,1,SAM26,SAM53
SAM26xSAM36,20.0306178628,-9,1,SAM26,SAM36
SAM12xSAM56,20.031121224,-9,1,SAM12,SAM56
SAM3xSAM51,20.0316693446,-9,1,SAM3,SAM51
SAM26xSAM45,20.0320979541,-9,1,SAM26,SAM45
SAM26xSAM30,20.0321471056,-9,1,SAM26,SAM30
SAM11xSAM14,20.0323004497,-9,1,SAM11,SAM14
SAM10xSAM35,20.0323194077,-9,1,SAM10,SAM35
SAM24xSAM41,20.0330586692,-9,1,SAM24,SAM41
SAM9xSAM14,20.0333132519,-9,1,SAM9,SAM14
SAM17xSAM35,20.0336638017,-9,1,SAM17,SAM35
SAM5xSAM38,20.0347373223,-9,1,SAM5,SAM38
SAM11xSAM53,20.0350056959,-9,1,SAM11,SAM53
SAM6xSAM54,20.0350236742,-9,1,SAM6,SAM54
SAM11xSAM36,20.0350941902,-9,1,SAM11,SAM36
SAM9xSAM53,20.0360189861,-9,1,SAM9,SAM53
SAM9xSAM36,20.0361089891,-9,1,SAM9,SAM36
SAM19xSAM41,20.0361543631,-9,1,SAM19,SAM41
SAM11xSAM45,20.0365745275,-9,1,SAM11,SAM45
SAM11xSAM30,20.0366248673,-9,1,SAM11,SAM30
SAM29xSAM35,20.0373507923,-9,1,SAM29,SAM35
SAM9xSAM45,20.0375886856,-9,1,SAM9,SAM45
SAM9xSAM30,20.0376375055,-9,1,SAM9,SAM30
SAM3xSAM20,20.037978757,-9,1,SAM3,SAM20
SAM1xSAM57,20.0385500191,-9,1,SAM1,SAM57
SAM37xSAM41,20.0391593127,-9,1,SAM37,SAM41
SAM24xSAM39,20.0394300444,-9,1,SAM24,SAM39
SAM14xSAM15,20.0396650432,-9,1,SAM14,SAM15
SAM26xSAM35,20.0400818287,-9,1,SAM26,SAM35
SAM12xSAM54,20.0408985241,-9,1,SAM12,SAM54
SAM14xSAM25,20.0419208406,-9,1,SAM14,SAM25
SAM18xSAM43,20.0419697834,-9,1,SAM18,SAM43
SAM15xSAM53,20.0423705427,-9,1,SAM15,SAM53
SAM15xSAM36,20.0424597783,-9,1,SAM15,SAM36
SAM19xSAM39,20.0425257607,-9,1,SAM19,SAM39
SAM15xSAM45,20.0439390538,-9,1,SAM15,SAM45
SAM15xSAM30,20.0439900009,-9,1,SAM15,SAM30
SAM6xSAM46,20.0440218298,-9,1,SAM6,SAM46
SAM8xSAM41,20.0443041174,-9,1,SAM8,SAM41
SAM11xSAM35,20.0445584579,-9,1,SAM11,SAM35
SAM25xSAM53,20.044626504,-9,1,SAM25,SAM53
SAM25xSAM36,20.0447160451,-9,1,SAM25,SAM36
SAM37xSAM39,20.0455320625,-9,1,SAM37,SAM39
SAM9xSAM35,20.0455724074,-9,1,SAM9,SAM35
SAM25xSAM45,20.0461965053,-9,1,SAM25,SAM45
SAM25xSAM30,20.04624667,-9,1,SAM25,SAM30
SAM3xSAM49,20.0472992806,-9,1,SAM3,SAM49
SAM12xSAM46,20.0498958079,-9,1,SAM12,SAM46
SAM8xSAM39,20.0506762413,-9,1,SAM8,SAM39
SAM15xSAM35,20.051924221,-9,1,SAM15,SAM35
SAM5xSAM51,20.052713461,-9,1,SAM5,SAM51
SAM25xSAM35,20.0541801004,-9,1,SAM25,SAM35
SAM6xSAM21,20.0543784274,-9,1,SAM6,SAM21
SAM14xSAM43,20.054570183,-9,1,SAM14,SAM43
SAM10xSAM41,20.0547924562,-9,1,SAM10,SAM41
SAM3xSAM7,20.0558678506,-9,1,SAM3,SAM7
SAM17xSAM41,20.0561375989,-9,1,SAM17,SAM41
SAM43xSAM53,20.057276219,-9,1,SAM43,SAM53
SAM36xSAM43,20.0573652236,-9,1,SAM36,SAM43
SAM3xSAM56,20.0574139057,-9,1,SAM3,SAM56
SAM6xSAM28,20.0578211321,-9,1,SAM6,SAM28
SAM43xSAM45,20.0588456763,-9,1,SAM43,SAM45
SAM30xSAM43,20.0588955728,-9,1,SAM30,SAM43
SAM5xSAM20,20.0590230672,-9,1,SAM5,SAM20
SAM29xSAM41,20.0598242579,-9,1,SAM29,SAM41
SAM24xSAM52,20.0600285901,-9,1,SAM24,SAM52
SAM12xSAM21,20.0602525396,-9,1,SAM12,SAM21
SAM10xSAM39,20.0611639915,-9,1,SAM10,SAM39
SAM17xSAM39,20.0625090374,-9,1,SAM17,SAM39
SAM26xSAM41,20.0625554843,-9,1,SAM26,SAM41
SAM19xSAM52,20.0631214975,-9,1,SAM19,SAM52
SAM12xSAM28,20.0636952145,-9,1,SAM12,SAM28
SAM37xSAM52,20.0661273373,-9,1,SAM37,SAM52
SAM29xSAM39,20.0661966352,-9,1,SAM29,SAM39
SAM35xSAM43,20.0668288095,-9,1,SAM35,SAM43
SAM11xSAM41,20.0670312269,-9,1,SAM11,SAM41
SAM3xSAM54,20.0671901925,-9,1,SAM3,SAM54
SAM9xSAM41,20.0680450348,-9,1,SAM9,SAM41
SAM5xSAM49,20.0683440117,-9,1,SAM5,SAM49
SAM26xSAM39,20.0689264758,-9,1,SAM26,SAM39
SAM8xSAM52,20.071274109,-9,1,SAM8,SAM52
SAM19xSAM24,20.0729539542,-9,1,SAM19,SAM24
SAM11xSAM39,20.0734048559,-9,1,SAM11,SAM39
SAM15xSAM41,20.0743972881,-9,1,SAM15,SAM41
SAM9xSAM39,20.0744164957,-9,1,SAM9,SAM39
SAM2xSAM58,20.0754611118,-9,1,SAM2,SAM58
SAM24xSAM37,20.075957984,-9,1,SAM24,SAM37
SAM3xSAM46,20.076188288,-9,1,SAM3,SAM46
SAM25xSAM41,20.076653875,-9,1,SAM25,SAM41
SAM5xSAM7,20.076913237,-9,1,SAM5,SAM7
SAM5xSAM56,20.078458056,-9,1,SAM5,SAM56
SAM19xSAM37,20.07905259,-9,1,SAM19,SAM37
SAM2xSAM55,20.07987158,-9,1,SAM2,SAM55
SAM15xSAM39,20.08076828,-9,1,SAM15,SAM39
SAM8xSAM24,20.081103839,-9,1,SAM8,SAM24
SAM2xSAM40,20.081235714,-9,1,SAM2,SAM40
SAM6xSAM18,20.081435874,-9,1,SAM6,SAM18
SAM10xSAM52,20.081760965,-9,1,SAM10,SAM52
SAM2xSAM59,20.081800684,-9,1,SAM2,SAM59
SAM25xSAM39,20.083025485,-9,1,SAM25,SAM39
SAM17xSAM52,20.083104968,-9,1,SAM17,SAM52
SAM1xSAM58,20.083987713,-9,1,SAM1,SAM58
SAM8xSAM19,20.084199555,-9,1,SAM8,SAM19
SAM3xSAM21,20.086544834,-9,1,SAM3,SAM21
SAM29xSAM52,20.086791895,-9,1,SAM29,SAM52
SAM8xSAM37,20.087205373,-9,1,SAM8,SAM37
SAM12xSAM18,20.087309763,-9,1,SAM12,SAM18
SAM2xSAM38,20.088204317,-9,1,SAM2,SAM38
SAM5xSAM54,20.088234581,-9,1,SAM5,SAM54
SAM1xSAM55,20.088398352,-9,1,SAM1,SAM55
SAM41xSAM43,20.089302987,-9,1,SAM41,SAM43
SAM26xSAM52,20.089522712,-9,1,SAM26,SAM52
SAM1xSAM40,20.089761928,-9,1,SAM1,SAM40
SAM3xSAM28,20.089988358,-9,1,SAM3,SAM28
SAM1xSAM59,20.090327613,-9,1,SAM1,SAM59
SAM10xSAM24,20.091592297,-9,1,SAM10,SAM24
SAM17xSAM24,20.092934929,-9,1,SAM17,SAM24
SAM11xSAM52,20.094001196,-9,1,SAM11,SAM52
SAM6xSAM14,20.0940364,-9,1,SAM6,SAM14
SAM10xSAM19,20.094684869,-9,1,SAM10,SAM19
SAM9xSAM52,20.09501636,-9,1,SAM9,SAM52
SAM39xSAM43,20.095672823,-9,1,SAM39,SAM43
SAM17xSAM19,20.096030101,-9,1,SAM17,SAM19
SAM24xSAM29,20.096623972,-9,1,SAM24,SAM29
SAM1xSAM38,20.096730336,-9,1,SAM1,SAM38
SAM6xSAM53,20.09674187,-9,1,SAM6,SAM53
SAM6xSAM36,20.096831553,-9,1,SAM6,SAM36
SAM5xSAM46,20.09723337,-9,1,SAM5,SAM46
SAM10xSAM37,20.097692281,-9,1,SAM10,SAM37
SAM6xSAM45,20.098311953,-9,1,SAM6,SAM45
SAM6xSAM30,20.098363012,-9,1,SAM6,SAM30
SAM17xSAM37,20.099035978,-9,1,SAM17,SAM37
SAM24xSAM26,20.099354036,-9,1,SAM24,SAM26
SAM19xSAM29,20.099717684,-9,1,SAM19,SAM29
SAM12xSAM14,20.099911056,-9,1,SAM12,SAM14
SAM15xSAM52,20.101365506,-9,1,SAM15,SAM52
SAM19xSAM26,20.102447942,-9,1,SAM19,SAM26
SAM12xSAM53,20.102615699,-9,1,SAM12,SAM53
SAM12xSAM36,20.102705106,-9,1,SAM12,SAM36
SAM29xSAM37,20.102723777,-9,1,SAM29,SAM37
SAM8xSAM10,20.102838397,-9,1,SAM8,SAM10
SAM25xSAM52,20.103621125,-9,1,SAM25,SAM52
SAM11xSAM24,20.103831753,-9,1,SAM11,SAM24
SAM8xSAM17,20.104182586,-9,1,SAM8,SAM17
SAM12xSAM45,20.104187608,-9,1,SAM12,SAM45
SAM12xSAM30,20.104234457,-9,1,SAM12,SAM30
SAM9xSAM24,20.104845822,-9,1,SAM9,SAM24
SAM26xSAM37,20.105454326,-9,1,SAM26,SAM37
SAM2xSAM51,20.106181398,-9,1,SAM2,SAM51
SAM6xSAM35,20.106295168,-9,1,SAM6,SAM35
SAM11xSAM19,20.106925055,-9,1,SAM11,SAM19
SAM5xSAM21,20.107588529,-9,1,SAM5,SAM21
SAM8xSAM29,20.107870504,-9,1,SAM8,SAM29
SAM9xSAM19,20.107940972,-9,1,SAM9,SAM19
SAM11xSAM37,20.109929561,-9,1,SAM11,SAM37
SAM8xSAM26,20.11060068,-9,1,SAM8,SAM26
SAM9xSAM37,20.110947415,-9,1,SAM9,SAM37
SAM5xSAM28,20.111033574,-9,1,SAM5,SAM28
SAM15xSAM24,20.111195773,-9,1,SAM15,SAM24
SAM12xSAM35,20.112168044,-9,1,SAM12,SAM35
SAM2xSAM20,20.112490043,-9,1,SAM2,SAM20
SAM24xSAM25,20.113451987,-9,1,SAM24,SAM25
SAM3xSAM18,20.113603622,-9,1,SAM3,SAM18
SAM15xSAM19,20.114290073,-9,1,SAM15,SAM19
SAM10xSAM17,20.114667609,-9,1,SAM10,SAM17
SAM1xSAM51,20.114707544,-9,1,SAM1,SAM51
SAM8xSAM11,20.115077779,-9,1,SAM8,SAM11
SAM8xSAM9,20.116090268,-9,1,SAM8,SAM9
SAM43xSAM52,20.116269305,-9,1,SAM43,SAM52
SAM19xSAM25,20.116546154,-9,1,SAM19,SAM25
SAM15xSAM37,20.11729598,-9,1,SAM15,SAM37
SAM10xSAM29,20.118356794,-9,1,SAM10,SAM29
SAM25xSAM37,20.119551658,-9,1,SAM25,SAM37
SAM17xSAM29,20.119702443,-9,1,SAM17,SAM29
SAM1xSAM20,20.121016785,-9,1,SAM1,SAM20
SAM10xSAM26,20.121087253,-9,1,SAM10,SAM26
SAM2xSAM49,20.121811122,-9,1,SAM2,SAM49
SAM17xSAM26,20.122429833,-9,1,SAM17,SAM26
SAM8xSAM15,20.122443423,-9,1,SAM8,SAM15
SAM8xSAM25,20.124699622,-9,1,SAM8,SAM25
SAM10xSAM11,20.125564128,-9,1,SAM10,SAM11
SAM24xSAM43,20.126101121,-9,1,SAM24,SAM43
SAM26xSAM29,20.126117661,-9,1,SAM26,SAM29
SAM3xSAM14,20.126203313,-9,1,SAM3,SAM14
SAM9xSAM10,20.12657994,-9,1,SAM9,SAM10
SAM11xSAM17,20.12690863,-9,1,SAM11,SAM17
SAM9xSAM17,20.127923757,-9,1,SAM9,SAM17
SAM6xSAM41,20.128768459,-9,1,SAM6,SAM41
SAM3xSAM53,20.128906548,-9,1,SAM3,SAM53
SAM3xSAM36,20.128997356,-9,1,SAM3,SAM36
SAM19xSAM43,20.12919493,-9,1,SAM19,SAM43
SAM1xSAM49,20.130336538,-9,1,SAM1,SAM49
SAM2xSAM7,20.130381584,-9,1,SAM2,SAM7
SAM3xSAM45,20.130480677,-9,1,SAM3,SAM45
SAM3xSAM30,20.130526677,-9,1,SAM3,SAM30
SAM11xSAM29,20.130595729,-9,1,SAM11,SAM29
SAM9xSAM29,20.131611213,-9,1,SAM9,SAM29
SAM2xSAM56,20.131926119,-9,1,SAM2,SAM56
SAM37xSAM43,20.132200792,-9,1,SAM37,SAM43
SAM10xSAM15,20.132928923,-9,1,SAM10,SAM15
SAM11xSAM26,20.133325949,-9,1,SAM11,SAM26
SAM15xSAM17,20.134272009,-9,1,SAM15,SAM17
SAM9xSAM26,20.134341016,-9,1,SAM9,SAM26
SAM12xSAM41,20.134643629,-9,1,SAM12,SAM41
SAM5xSAM18,20.13464643,-9,1,SAM5,SAM18
SAM6xSAM39,20.13514258,-9,1,SAM6,SAM39
SAM10xSAM25,20.135186225,-9,1,SAM10,SAM25
SAM17xSAM25,20.136530578,-9,1,SAM17,SAM25
SAM8xSAM43,20.137349203,-9,1,SAM8,SAM43
SAM15xSAM29,20.137960806,-9,1,SAM15,SAM29
SAM3xSAM35,20.138461217,-9,1,SAM3,SAM35
SAM9xSAM11,20.138818785,-9,1,SAM9,SAM11
SAM1xSAM7,20.138907239,-9,1,SAM1,SAM7
SAM25xSAM29,20.140216291,-9,1,SAM25,SAM29
SAM1xSAM56,20.140452266,-9,1,SAM1,SAM56
SAM15xSAM26,20.140689671,-9,1,SAM15,SAM26
SAM12xSAM39,20.14101477,-9,1,SAM12,SAM39
SAM2xSAM54,20.141701087,-9,1,SAM2,SAM54
SAM25xSAM26,20.142946511,-9,1,SAM25,SAM26
SAM11xSAM15,20.145168409,-9,1,SAM11,SAM15
SAM9xSAM15,20.146184921,-9,1,SAM9,SAM15
SAM5xSAM14,20.147248834,-9,1,SAM5,SAM14
SAM11xSAM25,20.147424936,-9,1,SAM11,SAM25
SAM10xSAM43,20.147833526,-9,1,SAM10,SAM43
SAM9xSAM25,20.148441002,-9,1,SAM9,SAM25
SAM17xSAM43,20.149178579,-9,1,SAM17,SAM43
SAM5xSAM53,20.149954825,-9,1,SAM5,SAM53
SAM5xSAM36,20.150043368,-9,1,SAM5,SAM36
SAM1xSAM54,20.150227815,-9,1,SAM1,SAM54
SAM2xSAM46,20.150700778,-9,1,SAM2,SAM46
SAM5xSAM45,20.151522666,-9,1,SAM5,SAM45
SAM5xSAM30,20.151572779,-9,1,SAM5,SAM30
SAM29xSAM43,20.152865082,-9,1,SAM29,SAM43
SAM15xSAM25,20.154788762,-9,1,SAM15,SAM25
SAM26xSAM43,20.15559636,-9,1,SAM26,SAM43
SAM6xSAM52,20.155739263,-9,1,SAM6,SAM52
SAM1xSAM46,20.15922609,-9,1,SAM1,SAM46
SAM5xSAM35,20.159505933,-9,1,SAM5,SAM35
SAM11xSAM43,20.160073981,-9,1,SAM11,SAM43
SAM3xSAM41,20.160936564,-9,1,SAM3,SAM41
SAM2xSAM21,20.161058068,-9,1,SAM2,SAM21
SAM9xSAM43,20.161088124,-9,1,SAM9,SAM43
SAM12xSAM52,20.161610082,-9,1,SAM12,SAM52
SAM2xSAM28,20.164500683,-9,1,SAM2,SAM28
SAM6xSAM24,20.165568739,-9,1,SAM6,SAM24
SAM3xSAM39,20.167306036,-9,1,SAM3,SAM39
SAM15xSAM43,20.167437166,-9,1,SAM15,SAM43
SAM6xSAM19,20.168663889,-9,1,SAM6,SAM19
SAM1xSAM21,20.169582218,-9,1,SAM1,SAM21
SAM25xSAM43,20.169694111,-9,1,SAM25,SAM43
SAM12xSAM24,20.171442106,-9,1,SAM12,SAM24
SAM6xSAM37,20.171668455,-9,1,SAM6,SAM37
SAM1xSAM28,20.173026532,-9,1,SAM1,SAM28
SAM12xSAM19,20.174538091,-9,1,SAM12,SAM19
SAM6xSAM8,20.176815033,-9,1,SAM6,SAM8
SAM12xSAM37,20.177541077,-9,1,SAM12,SAM37
SAM5xSAM41,20.181978032,-9,1,SAM5,SAM41
SAM8xSAM12,20.182687864,-9,1,SAM8,SAM12
SAM6xSAM10,20.187303513,-9,1,SAM6,SAM10
SAM3xSAM52,20.187903449,-9,1,SAM3,SAM52
SAM2xSAM18,20.188114047,-9,1,SAM2,SAM18
SAM5xSAM39,20.188351512,-9,1,SAM5,SAM39
SAM6xSAM17,20.188648194,-9,1,SAM6,SAM17
SAM6xSAM29,20.192334488,-9,1,SAM6,SAM29
SAM10xSAM12,20.193174526,-9,1,SAM10,SAM12
SAM12xSAM17,20.194518953,-9,1,SAM12,SAM17
SAM6xSAM26,20.195063412,-9,1,SAM6,SAM26
SAM1xSAM18,20.196640923,-9,1,SAM1,SAM18
SAM3xSAM24,20.197733491,-9,1,SAM3,SAM24
SAM12xSAM29,20.198207229,-9,1,SAM12,SAM29
SAM6xSAM11,20.199541971,-9,1,SAM6,SAM11
SAM6xSAM9,20.200555146,-9,1,SAM6,SAM9
SAM2xSAM14,20.200715691,-9,1,SAM2,SAM14
SAM3xSAM19,20.200828165,-9,1,SAM3,SAM19
SAM12xSAM26,20.200935975,-9,1,SAM12,SAM26
SAM2xSAM53,20.203420237,-9,1,SAM2,SAM53
SAM2xSAM36,20.203511894,-9,1,SAM2,SAM36
SAM3xSAM37,20.203833043,-9,1,SAM3,SAM37
SAM2xSAM45,20.204989523,-9,1,SAM2,SAM45
SAM2xSAM30,20.20503883,-9,1,SAM2,SAM30
SAM11xSAM12,20.205414668,-9,1,SAM11,SAM12
SAM9xSAM12,20.206428543,-9,1,SAM9,SAM12
SAM6xSAM15,20.206906512,-9,1,SAM6,SAM15
SAM5xSAM52,20.208948731,-9,1,SAM5,SAM52
SAM3xSAM8,20.208981186,-9,1,SAM3,SAM8
SAM6xSAM25,20.209162339,-9,1,SAM6,SAM25
SAM1xSAM14,20.209239259,-9,1,SAM1,SAM14
SAM1xSAM53,20.211945414,-9,1,SAM1,SAM53
SAM1xSAM36,20.212036133,-9,1,SAM1,SAM36
SAM12xSAM15,20.212779447,-9,1,SAM12,SAM15
SAM2xSAM35,20.212973356,-9,1,SAM2,SAM35
SAM1xSAM45,20.213515863,-9,1,SAM1,SAM45
SAM1xSAM30,20.213564455,-9,1,SAM1,SAM30
SAM12xSAM25,20.215032369,-9,1,SAM12,SAM25
SAM5xSAM24,20.218781397,-9,1,SAM5,SAM24
SAM3xSAM10,20.219463438,-9,1,SAM3,SAM10
SAM3xSAM17,20.220810711,-9,1,SAM3,SAM17
SAM1xSAM35,20.221498355,-9,1,SAM1,SAM35
SAM6xSAM43,20.221812308,-9,1,SAM6,SAM43
SAM5xSAM19,20.221872374,-9,1,SAM5,SAM19
SAM3xSAM29,20.224497244,-9,1,SAM3,SAM29
SAM5xSAM37,20.224879369,-9,1,SAM5,SAM37
SAM3xSAM26,20.227228433,-9,1,SAM3,SAM26
SAM12xSAM43,20.227680027,-9,1,SAM12,SAM43
SAM5xSAM8,20.230025142,-9,1,SAM5,SAM8
SAM3xSAM11,20.231706202,-9,1,SAM3,SAM11
SAM3xSAM9,20.232722252,-9,1,SAM3,SAM9
SAM2xSAM41,20.235447019,-9,1,SAM2,SAM41
SAM3xSAM15,20.239071399,-9,1,SAM3,SAM15
SAM5xSAM10,20.240514487,-9,1,SAM5,SAM10
SAM3xSAM25,20.241328031,-9,1,SAM3,SAM25
SAM2xSAM39,20.241818219,-9,1,SAM2,SAM39
SAM5xSAM17,20.241856664,-9,1,SAM5,SAM17
SAM1xSAM41,20.243972272,-9,1,SAM1,SAM41
SAM5xSAM29,20.24554345,-9,1,SAM5,SAM29
SAM5xSAM26,20.248276889,-9,1,SAM5,SAM26
SAM1xSAM39,20.250344813,-9,1,SAM1,SAM39
SAM5xSAM11,20.252752274,-9,1,SAM5,SAM11
SAM5xSAM9,20.25376305,-9,1,SAM5,SAM9
SAM3xSAM43,20.253976226,-9,1,SAM3,SAM43
SAM5xSAM15,20.260117411,-9,1,SAM5,SAM15
SAM5xSAM25,20.262372792,-9,1,SAM5,SAM25
SAM2xSAM52,20.26241827,-9,1,SAM2,SAM52
SAM6xSAM12,20.267152071,-9,1,SAM6,SAM12
SAM1xSAM52,20.270942241,-9,1,SAM1,SAM52
SAM2xSAM24,20.272247583,-9,1,SAM2,SAM24
SAM5xSAM43,20.27502197,-9,1,SAM5,SAM43
SAM2xSAM19,20.275342345,-9,1,SAM2,SAM19
SAM2xSAM37,20.278347134,-9,1,SAM2,SAM37
SAM1xSAM24,20.280772835,-9,1,SAM1,SAM24
SAM2xSAM8,20.283491731,-9,1,SAM2,SAM8
SAM1xSAM19,20.283869088,-9,1,SAM1,SAM19
SAM1xSAM37,20.28687647,-9,1,SAM1,SAM37
SAM1xSAM8,20.292020947,-9,1,SAM1,SAM8
SAM3xSAM6,20.293443709,-9,1,SAM3,SAM6
SAM2xSAM10,20.293981969,-9,1,SAM2,SAM10
SAM2xSAM17,20.295323878,-9,1,SAM2,SAM17
SAM2xSAM29,20.299013525,-9,1,SAM2,SAM29
SAM3xSAM12,20.299315393,-9,1,SAM3,SAM12
SAM2xSAM26,20.301744252,-9,1,SAM2,SAM26
SAM1xSAM10,20.302508473,-9,1,SAM1,SAM10
SAM1xSAM17,20.303852677,-9,1,SAM1,SAM17
SAM2xSAM11,20.306221068,-9,1,SAM2,SAM11
SAM2xSAM9,20.307232976,-9,1,SAM2,SAM9
SAM1xSAM29,20.307537913,-9,1,SAM1,SAM29
SAM1xSAM26,20.310271412,-9,1,SAM1,SAM26
SAM2xSAM15,20.313583731,-9,1,SAM2,SAM15
SAM5xSAM6,20.314487606,-9,1,SAM5,SAM6
SAM1xSAM11,20.314748794,-9,1,SAM1,SAM11
SAM1xSAM9,20.315762192,-9,1,SAM1,SAM9
SAM2xSAM25,20.315843582,-9,1,SAM2,SAM25
SAM5xSAM12,20.320363134,-9,1,SAM5,SAM12
SAM1xSAM15,20.322113335,-9,1,SAM1,SAM15
SAM1xSAM25,20.324367702,-9,1,SAM1,SAM25
SAM2xSAM43,20.328491807,-9,1,SAM2,SAM43
SAM1xSAM43,20.337016344,-9,1,SAM1,SAM43
SAM3xSAM5,20.346654206,-9,1,SAM3,SAM5
SAM2xSAM6,20.367955953,-9,1,SAM2,SAM6
SAM2xSAM12,20.37383002,-9,1,SAM2,SAM12
SAM1xSAM6,20.376487136,-9,1,SAM1,SAM6
SAM1xSAM12,20.382359475,-9,1,SAM1,SAM12
SAM2xSAM3,20.400124848,-9,1,SAM2,SAM3
SAM1xSAM3,20.408652037,-9,1,SAM1,SAM3
SAM2xSAM5,20.421173751,-9,1,SAM2,SAM5
SAM1xSAM5,20.42970097,-9,1,SAM1,SAM5
SAM1xSAM2,20.483166337,-9,1,SAM1,SAM2
